{
  "mean": -0.3445695002236602,
  "std": 0.07726494274601176,
  "threshold_med": -0.4990993857156837,
  "threshold_high": -0.5763643284616955,
  "training_size": 230
}