{
  "mean": -0.3447873136249998,
  "std": 0.07911573938557726,
  "threshold_med": -0.5030187923961543,
  "threshold_high": -0.5821345317817316,
  "training_size": 232
}